epoch,time,train/box_loss,train/cls_loss,train/dfl_loss,metrics/precision(B),metrics/recall(B),metrics/mAP50(B),metrics/mAP50-95(B),val/box_loss,val/cls_loss,val/dfl_loss,lr/pg0,lr/pg1,lr/pg2
1,4.46255,0.83262,0.6788,0.00407,0.85188,0.71186,0.76181,0.57479,1.1023,1.50573,0.00769,2.5e-05,2.5e-05,0.090025
2,7.80858,1.01452,0.62899,0.00488,0.82443,0.42373,0.46083,0.29359,1.50108,2.55549,0.01109,5.24935e-05,5.24935e-05,0.0790525
3,11.1336,0.91688,0.63034,0.00456,0.81943,0.62712,0.73273,0.57144,1.17015,1.24403,0.00925,7.99601e-05,7.99601e-05,0.06808
4,14.7947,0.84392,0.52501,0.00419,0.96291,0.44068,0.62558,0.46758,1.46271,1.26031,0.01199,0.000107379,0.000107379,0.0571074
5,18.3258,0.71898,0.49622,0.00358,0.82929,0.65876,0.77202,0.61613,1.01489,1.03107,0.00706,0.000134731,0.000134731,0.0461347
6,21.7834,0.66668,0.39382,0.0034,0.85581,0.80483,0.86961,0.6951,0.88584,1.07813,0.00637,0.000161994,0.000161994,0.035162
7,25.2918,0.68262,0.38051,0.00343,0.87257,0.86441,0.87449,0.73662,0.78833,0.81531,0.00562,0.000189149,0.000189149,0.0241891
8,29.0012,0.69406,0.45698,0.0033,0.88933,0.81723,0.85453,0.74417,0.75157,0.89214,0.0051,0.000216174,0.000216174,0.0132162
9,32.4806,0.66938,0.45586,0.00306,0.89338,0.88136,0.85838,0.74627,0.74245,0.76672,0.00502,0.000243051,0.000243051,0.00224305
10,35.963,0.62896,0.37002,0.00289,0.88033,0.87289,0.86588,0.74484,0.73446,0.73675,0.00485,0.000247485,0.000247485,0.000247485
11,39.493,0.60889,0.33538,0.00299,0.90897,0.84623,0.85667,0.74666,0.73789,0.6986,0.005,0.000246897,0.000246897,0.000246897
12,42.9871,0.6278,0.3128,0.00314,0.95603,0.83051,0.87389,0.73363,0.74998,0.76786,0.00524,0.000246249,0.000246249,0.000246249
13,46.1886,0.6344,0.35566,0.00288,0.96219,0.86275,0.87473,0.75241,0.74106,0.75399,0.00482,0.00024554,0.00024554,0.00024554
14,49.4187,0.60373,0.32614,0.00295,0.92262,0.80845,0.86354,0.73884,0.74966,0.77587,0.0049,0.000244772,0.000244772,0.000244772
15,52.6538,0.59011,0.31903,0.00283,0.90142,0.81356,0.86935,0.74091,0.76971,0.70892,0.00521,0.000243943,0.000243943,0.000243943
16,55.9058,0.57416,0.33603,0.00267,0.95394,0.83051,0.87619,0.73417,0.81194,0.66595,0.00553,0.000243056,0.000243056,0.000243056
17,59.0892,0.60739,0.40399,0.00298,0.94048,0.81356,0.8612,0.74348,0.73801,0.82879,0.00486,0.000242109,0.000242109,0.000242109
18,62.2855,0.61986,0.34496,0.00291,0.96459,0.83051,0.85607,0.75206,0.70825,0.93039,0.00448,0.000241104,0.000241104,0.000241104
19,65.4839,0.60997,0.30769,0.00308,0.94643,0.84746,0.85656,0.74156,0.72351,0.92454,0.00473,0.000240042,0.000240042,0.000240042
20,68.8296,0.57664,0.34228,0.0028,0.89425,0.86,0.85737,0.72469,0.76901,0.79229,0.00508,0.000238922,0.000238922,0.000238922
21,72.0092,0.56925,0.27733,0.00281,0.90851,0.88136,0.86566,0.74061,0.73828,0.74061,0.00488,0.000237745,0.000237745,0.000237745
22,75.3789,0.60956,0.31251,0.00296,0.90683,0.86441,0.86366,0.75153,0.7391,0.78252,0.00486,0.000236512,0.000236512,0.000236512
23,78.84,0.58273,0.30276,0.00266,0.88199,0.86441,0.88491,0.76627,0.7793,0.70706,0.00509,0.000235224,0.000235224,0.000235224
24,82.3563,0.57832,0.28172,0.00282,0.88646,0.83051,0.86467,0.75327,0.76007,0.75115,0.00496,0.00023388,0.00023388,0.00023388
25,86.0649,0.54396,0.25629,0.00258,0.90481,0.88136,0.87972,0.75952,0.75678,0.6813,0.00477,0.000232483,0.000232483,0.000232483
26,89.5631,0.5821,0.29686,0.0027,0.95643,0.74417,0.85484,0.73655,0.78842,0.79205,0.00527,0.000231032,0.000231032,0.000231032
27,93.1054,0.60669,0.29545,0.00284,0.88333,0.81356,0.86649,0.73878,0.83727,0.7769,0.00555,0.000229528,0.000229528,0.000229528
28,96.6192,0.57821,0.31415,0.0027,0.82074,0.88136,0.89274,0.73339,0.87083,0.60128,0.00568,0.000227973,0.000227973,0.000227973
29,100.328,0.5609,0.30371,0.00274,0.86542,0.88136,0.90061,0.76162,0.75492,0.56554,0.00487,0.000226366,0.000226366,0.000226366
30,103.768,0.56898,0.3014,0.00271,0.92686,0.85919,0.89503,0.77174,0.77978,0.65931,0.00506,0.000224709,0.000224709,0.000224709
31,106.999,0.53514,0.28665,0.00261,0.95963,0.84746,0.87781,0.75414,0.77006,0.70892,0.00507,0.000223002,0.000223002,0.000223002
32,110.223,0.5817,0.29272,0.0027,0.94614,0.83051,0.87601,0.74427,0.77326,0.74544,0.00485,0.000221246,0.000221246,0.000221246
33,113.553,0.51646,0.31268,0.00245,0.95595,0.79661,0.87204,0.74933,0.73296,0.76317,0.00476,0.000219443,0.000219443,0.000219443
34,116.808,0.50205,0.23716,0.00242,0.87405,0.86441,0.88358,0.75327,0.75426,0.74828,0.00499,0.000217592,0.000217592,0.000217592
35,120.005,0.51732,0.25452,0.00253,0.92362,0.81991,0.87127,0.75015,0.77142,0.83111,0.00508,0.000215696,0.000215696,0.000215696
36,123.233,0.56935,0.31845,0.00257,0.97999,0.83011,0.8789,0.76672,0.79075,0.77337,0.00509,0.000213754,0.000213754,0.000213754
37,126.604,0.56121,0.28514,0.00255,0.92639,0.85328,0.87602,0.74794,0.77869,0.83101,0.00504,0.000211769,0.000211769,0.000211769
38,129.805,0.55452,0.29347,0.0026,0.97368,0.79661,0.8639,0.73804,0.81469,0.83092,0.00542,0.00020974,0.00020974,0.00020974
39,133.009,0.56096,0.26869,0.00262,0.90118,0.86441,0.87244,0.74623,0.81164,0.84753,0.00531,0.00020767,0.00020767,0.00020767
40,136.234,0.52708,0.25662,0.0025,0.97759,0.73947,0.85802,0.7198,0.81867,0.93075,0.00542,0.000205558,0.000205558,0.000205558
41,139.712,0.52359,0.28546,0.00254,0.97989,0.82601,0.87009,0.73245,0.82426,0.868,0.00534,0.000203407,0.000203407,0.000203407
42,143.16,0.51214,0.27052,0.00248,0.93328,0.86441,0.87888,0.73595,0.83394,0.80815,0.00537,0.000201217,0.000201217,0.000201217
43,146.632,0.55429,0.27198,0.00261,0.91157,0.87365,0.87567,0.73555,0.82991,0.79248,0.00543,0.000198988,0.000198988,0.000198988
44,150.092,0.53572,0.29173,0.00244,0.94293,0.86441,0.87611,0.74642,0.80333,0.76371,0.00518,0.000196724,0.000196724,0.000196724
45,153.564,0.50568,0.25285,0.00241,0.92818,0.87629,0.87366,0.74505,0.77734,0.71876,0.00505,0.000194424,0.000194424,0.000194424
46,157.271,0.54301,0.30751,0.00261,0.89227,0.86441,0.86509,0.75602,0.73163,0.76354,0.0047,0.000192089,0.000192089,0.000192089
47,160.72,0.49698,0.25226,0.0024,0.94329,0.84585,0.87011,0.76301,0.72212,0.76953,0.00466,0.000189721,0.000189721,0.000189721
48,164.162,0.47376,0.25052,0.00215,0.94331,0.84611,0.86182,0.76017,0.74889,0.81343,0.00483,0.000187322,0.000187322,0.000187322
49,167.637,0.51353,0.26182,0.00236,0.9614,0.84441,0.86478,0.74604,0.76319,0.79639,0.00491,0.000184891,0.000184891,0.000184891
50,171.023,0.50324,0.27381,0.00239,0.93699,0.84746,0.88341,0.76612,0.74658,0.72359,0.00475,0.000182431,0.000182431,0.000182431
51,174.265,0.46982,0.22341,0.00215,0.9805,0.85221,0.89076,0.7687,0.7285,0.64729,0.00463,0.000179943,0.000179943,0.000179943
52,177.495,0.45805,0.21722,0.0022,0.97768,0.84746,0.89778,0.77413,0.74694,0.62912,0.00485,0.000177428,0.000177428,0.000177428
53,180.718,0.43393,0.18968,0.00208,0.95518,0.84746,0.86958,0.7524,0.74088,0.73062,0.00464,0.000174887,0.000174887,0.000174887
54,184.072,0.47754,0.2364,0.00227,0.9245,0.8302,0.85916,0.73909,0.75277,0.84861,0.00476,0.000172321,0.000172321,0.000172321
55,187.277,0.47305,0.2383,0.00222,0.94213,0.81356,0.85839,0.73568,0.81038,0.86021,0.00526,0.000169733,0.000169733,0.000169733
56,190.467,0.52066,0.25339,0.00232,0.86519,0.87025,0.86794,0.73251,0.81846,0.8512,0.00529,0.000167122,0.000167122,0.000167122
57,193.7,0.45004,0.24703,0.00212,0.94717,0.81356,0.86804,0.7401,0.73831,0.7851,0.00477,0.000164491,0.000164491,0.000164491
58,197.04,0.45811,0.2087,0.00221,0.91533,0.86441,0.86764,0.74837,0.72948,0.83167,0.00465,0.00016184,0.00016184,0.00016184
59,200.294,0.46372,0.22663,0.00215,0.92642,0.86441,0.87555,0.74666,0.74226,0.81159,0.00472,0.000159172,0.000159172,0.000159172
60,203.802,0.47765,0.266,0.00212,0.96208,0.86,0.88021,0.75727,0.73986,0.71375,0.00478,0.000156487,0.000156487,0.000156487
61,207.241,0.4953,0.24154,0.00222,0.97838,0.86441,0.89304,0.75457,0.78128,0.71355,0.00499,0.000153787,0.000153787,0.000153787
62,210.915,0.46021,0.2523,0.002,0.98032,0.84413,0.8833,0.75419,0.79129,0.79274,0.00503,0.000151073,0.000151073,0.000151073
63,214.352,0.45692,0.23671,0.00211,0.96011,0.86441,0.87967,0.75392,0.77015,0.84524,0.00496,0.000148346,0.000148346,0.000148346
64,217.869,0.44649,0.20719,0.00207,0.94049,0.84746,0.87516,0.75742,0.75362,0.78264,0.00489,0.000145609,0.000145609,0.000145609
65,221.366,0.44586,0.21167,0.00205,0.91069,0.86416,0.87929,0.75678,0.75704,0.73467,0.0048,0.000142861,0.000142861,0.000142861
66,225.042,0.44404,0.24861,0.0022,0.94382,0.86441,0.87458,0.75173,0.74645,0.80581,0.00472,0.000140106,0.000140106,0.000140106
67,228.536,0.45732,0.26218,0.00217,0.96045,0.86441,0.88157,0.75826,0.77131,0.76923,0.0048,0.000137343,0.000137343,0.000137343
68,232.039,0.46655,0.27667,0.00221,0.96145,0.86441,0.88012,0.75008,0.78788,0.78579,0.005,0.000134575,0.000134575,0.000134575
69,235.219,0.48528,0.26304,0.00226,0.96223,0.86355,0.88083,0.75065,0.7725,0.78719,0.00486,0.000131802,0.000131802,0.000131802
70,238.418,0.43548,0.2004,0.00217,0.96286,0.8789,0.8854,0.76126,0.77624,0.75284,0.0048,0.000129027,0.000129027,0.000129027
71,241.773,0.46497,0.23219,0.0022,0.95429,0.86441,0.88342,0.76087,0.74948,0.79113,0.00473,0.00012625,0.00012625,0.00012625
72,244.976,0.45356,0.27184,0.00208,0.98037,0.84642,0.87989,0.75387,0.75117,0.84129,0.00469,0.000123473,0.000123473,0.000123473
73,248.16,0.44669,0.22524,0.00198,0.98038,0.84687,0.87492,0.74587,0.74993,0.84938,0.00471,0.000120698,0.000120698,0.000120698
74,251.363,0.44475,0.25206,0.00221,0.98035,0.84573,0.87886,0.74982,0.75917,0.85593,0.00471,0.000117925,0.000117925,0.000117925
75,254.666,0.48692,0.26736,0.00227,0.96211,0.86074,0.87924,0.74718,0.79377,0.84623,0.005,0.000115157,0.000115157,0.000115157
76,257.862,0.44184,0.23442,0.00202,0.96278,0.87687,0.88307,0.7545,0.80133,0.792,0.00508,0.000112394,0.000112394,0.000112394
77,261.07,0.48671,0.28645,0.00218,0.98065,0.85906,0.8831,0.75633,0.78362,0.81766,0.00495,0.000109639,0.000109639,0.000109639
78,264.28,0.44854,0.276,0.00214,0.98003,0.86441,0.8831,0.74619,0.79859,0.8155,0.0051,0.000106891,0.000106891,0.000106891
79,267.809,0.42343,0.21947,0.00205,0.97814,0.84746,0.88063,0.74847,0.77995,0.82986,0.00499,0.000104154,0.000104154,0.000104154
80,271.314,0.44583,0.18397,0.00211,0.95971,0.84746,0.88121,0.75628,0.77571,0.82464,0.005,0.000101427,0.000101427,0.000101427
81,274.742,0.43392,0.2135,0.00192,0.96084,0.86441,0.88296,0.75504,0.78459,0.84984,0.00509,9.8713e-05,9.8713e-05,9.8713e-05
82,278.167,0.41972,0.19775,0.00208,0.95502,0.86441,0.88175,0.75527,0.77849,0.82866,0.00509,9.60129e-05,9.60129e-05,9.60129e-05
83,281.843,0.407,0.19989,0.00201,0.94527,0.87825,0.88245,0.76374,0.78445,0.8015,0.00511,9.33279e-05,9.33279e-05,9.33279e-05
84,285.286,0.40128,0.19689,0.00185,0.92844,0.87967,0.8834,0.75895,0.76294,0.78534,0.00485,9.06596e-05,9.06596e-05,9.06596e-05
85,288.75,0.39633,0.21046,0.0017,0.97515,0.83051,0.88086,0.76217,0.75568,0.80864,0.00481,8.80091e-05,8.80091e-05,8.80091e-05
86,292.249,0.36904,0.18965,0.00167,0.95677,0.86441,0.88053,0.75411,0.77478,0.85025,0.00494,8.5378e-05,8.5378e-05,8.5378e-05
87,295.675,0.40722,0.19661,0.00188,0.91954,0.86441,0.87794,0.752,0.79129,0.84966,0.00499,8.27674e-05,8.27674e-05,8.27674e-05
